Date,ticker,anomaly_flag,anomaly_type,ret,ret_z,volz,range_pct,why
2018-01-03,NVDA,1,spike,0.06581384506124954,3.3725281970344945,1.6739440255351248,95.23809523809523,|ret_z|=3.4>2.5; range_pct=95.2>95
2018-01-08,NVDA,1,,0.030640726563412102,1.3422039740353513,2.214233488667977,76.19047619047619,ML detector flagged
2018-01-12,AMZN,1,,0.02233911102318742,0.9489617421988985,2.4995437023189826,88.88888888888889,ML detector flagged
2018-01-16,AMZN,1,volume_shock,-0.0002604702980621987,-0.2409951193944798,2.985663472807418,95.23809523809523,volz=3.0>2.5; range_pct=95.2>95
2018-01-16,MSFT,1,,-0.013950888725371091,-1.3752573396981747,1.7479720652008701,98.4126984126984,range_pct=98.4>95
2018-01-16,NVDA,1,,-0.012870999732753075,-0.7531296714136271,1.2651184784482234,95.23809523809523,range_pct=95.2>95
2018-01-19,MSFT,1,,-0.0011099790915807262,-0.2942342278617465,2.0115173406519684,44.44444444444444,ML detector flagged
2018-01-24,AAPL,1,volume_shock,-0.015928603172458478,-1.6552797396575396,3.2274875379404113,92.06349206349206,volz=3.2>2.5
2018-01-24,AMZN,1,,-0.0036916561368250944,-0.4642154639589918,1.8003541609100493,95.23809523809523,range_pct=95.2>95
2018-01-31,MSFT,1,volume_shock,0.02447704485056712,2.2555078272270754,2.866057508367774,87.3015873015873,volz=2.9>2.5
2018-02-01,AMZN,1,crash,-0.04196735385431105,-4.260392240845523,2.4238346004888713,100.0,|ret_z|=4.3>2.5; range_pct=100.0>95
2018-02-01,MSFT,1,,-0.0078938369003273,-0.9547367899966704,2.2314881581730632,96.82539682539682,range_pct=96.8>95
2018-02-02,AAPL,1,crash + volume_shock,-0.04338998020731133,-4.202756161251334,3.377847603183607,100.0,|ret_z|=4.2>2.5; volz=3.4>2.5; range_pct=100.0>95
2018-02-02,AMZN,1,volume_shock,0.02874097206609716,2.0379087458522425,2.7334230229091636,100.0,volz=2.7>2.5; range_pct=100.0>95
2018-02-02,MSFT,1,crash,-0.02631031025831032,-2.715283259354814,1.9519563953523302,96.82539682539682,|ret_z|=2.7>2.5; range_pct=96.8>95
2018-02-05,AAPL,1,,-0.02498454401835104,-2.1150807907948472,2.1239048166090555,100.0,range_pct=100.0>95
2018-02-05,AMZN,1,crash,-0.027938006598856924,-2.539135763253798,2.3620084867996898,100.0,|ret_z|=2.5>2.5; range_pct=100.0>95
2018-02-05,MSFT,1,crash,-0.041185298389817104,-3.8762067636912487,1.9111191956438491,100.0,|ret_z|=3.9>2.5; range_pct=100.0>95
2018-02-05,NVDA,1,crash + volume_shock,-0.08487502670650826,-4.040603236841515,3.7012844679715835,100.0,|ret_z|=4.0>2.5; volz=3.7>2.5; range_pct=100.0>95
2018-02-06,AAPL,1,spike,0.041791579816532254,3.5857799843037768,1.6822050331849856,100.0,|ret_z|=3.6>2.5; range_pct=100.0>95
2018-02-06,AMZN,1,spike,0.03801436389950541,2.5860074109505757,1.9373802174466404,98.4126984126984,|ret_z|=2.6>2.5; range_pct=98.4>95
2018-02-06,MSFT,1,spike + volume_shock,0.03784068888421399,3.0158453559764737,2.543123299395535,100.0,|ret_z|=3.0>2.5; volz=2.5>2.5; range_pct=100.0>95
2018-02-06,NVDA,1,volume_shock,0.0555919814296133,2.2651777486062667,2.5975035977787018,98.4126984126984,volz=2.6>2.5; range_pct=98.4>95
2018-02-08,AAPL,1,,-0.027516452248477208,-2.0452836971580246,0.8849957260882855,95.23809523809523,range_pct=95.2>95
2018-02-08,AMZN,1,crash,-0.046782159492866904,-3.5960930230400368,1.0124858172086604,96.82539682539682,|ret_z|=3.6>2.5; range_pct=96.8>95
2018-02-08,MSFT,1,crash,-0.051333397612855935,-3.927484446992553,1.511745900176853,98.4126984126984,|ret_z|=3.9>2.5; range_pct=98.4>95
2018-02-09,AAPL,1,,0.012231431617522937,1.0557429766528879,1.473982335033738,96.82539682539682,range_pct=96.8>95
2018-02-09,AMZN,1,,-0.008071102861208823,-0.7196853480192,2.178912532925136,98.4126984126984,range_pct=98.4>95
2018-02-09,MSFT,1,,0.03728959055949854,2.481704146096141,1.7280730095404258,95.23809523809523,range_pct=95.2>95
2018-02-09,NVDA,1,spike + volume_shock,0.06693632548487827,2.5561347027874723,3.067505959415698,95.23809523809523,|ret_z|=2.6>2.5; volz=3.1>2.5; range_pct=95.2>95
2018-02-12,AAPL,1,spike,0.040278771683591064,3.154983121721021,0.9554616561522142,93.65079365079364,|ret_z|=3.2>2.5
2018-03-16,MSFT,1,volume_shock,0.004459499094478625,0.1756624703231074,3.5566468576549246,41.269841269841265,volz=3.6>2.5
2018-03-20,AAPL,1,,-0.0003422577282161665,-0.052848956417299454,-2.7339480473868107,26.984126984126984,ML detector flagged
2018-03-23,AMZN,1,volume_shock,-0.03194986403665934,-2.2236847573807017,2.6733587266069043,85.71428571428571,volz=2.7>2.5
2018-03-26,AAPL,1,spike,0.04747210559577941,3.090001328193999,0.5990094457428518,90.47619047619048,|ret_z|=3.1>2.5
2018-03-26,MSFT,1,spike + volume_shock,0.07570530720527047,4.597662661313098,2.8440473696864412,92.06349206349206,|ret_z|=4.6>2.5; volz=2.8>2.5
2018-03-27,AAPL,1,,-0.025641270202022226,-1.5332534425978717,0.9459525916623455,95.23809523809523,range_pct=95.2>95
2018-03-27,AMZN,1,,-0.03779899031862355,-2.4298223973818134,1.4881257865005486,95.23809523809523,range_pct=95.2>95
2018-03-27,MSFT,1,crash,-0.04595862366793391,-2.522628422094814,2.313224781880845,100.0,|ret_z|=2.5>2.5; range_pct=100.0>95
2018-03-27,NVDA,1,crash + volume_shock,-0.07755232779251242,-3.0669524145625338,3.5943270106656215,100.0,|ret_z|=3.1>2.5; volz=3.6>2.5; range_pct=100.0>95
2018-03-28,AMZN,1,crash + volume_shock,-0.04383955294893915,-2.6318209773032044,4.551160034983215,88.88888888888889,|ret_z|=2.6>2.5; volz=4.6>2.5
2018-03-29,AMZN,1,volume_shock,0.011121768164654933,0.40783230200145104,2.784372789799189,93.65079365079364,volz=2.8>2.5
2018-04-02,AMZN,1,crash,-0.05206100665038371,-2.8867593561301526,1.723147444378971,85.71428571428571,|ret_z|=2.9>2.5
2018-04-10,NVDA,1,,0.05802883610881526,2.0033640054944617,0.5498961078335083,41.269841269841265,ML detector flagged
2018-04-19,AAPL,1,,-0.028340094548169326,-1.6456172033363983,0.5250334019483929,44.44444444444444,ML detector flagged
2018-04-20,AAPL,1,volume_shock,-0.04097225539718563,-2.3008741438681035,3.139355696088453,84.12698412698413,volz=3.1>2.5
2018-04-27,AMZN,1,,0.036008877431740194,1.5157895769162695,1.76527111488308,82.53968253968253,ML detector flagged
2018-05-01,AAPL,1,,0.023236014873404542,1.2763413846723064,2.122560949865949,63.49206349206349,ML detector flagged
2018-05-02,AAPL,1,volume_shock,0.04417522785626016,2.3714741754128883,2.6398005455151043,58.730158730158735,volz=2.6>2.5
2018-05-04,AAPL,1,,0.03923342356580095,1.9817115379470251,1.6703436831225122,82.53968253968253,ML detector flagged
2018-05-07,NVDA,1,,0.040240953141118085,1.3096162029785652,1.7143454905803934,49.2063492063492,ML detector flagged
2018-05-09,NVDA,1,,0.02148562658001496,0.7038801238439033,1.1633995763008411,26.984126984126984,ML detector flagged
2018-05-10,NVDA,1,volume_shock,0.017006682816150143,0.5362876117322128,3.3359250933639255,1.5873015873015872,volz=3.3>2.5
2018-05-11,NVDA,1,volume_shock,-0.021527514511624157,-0.917951598438207,3.222682760173699,66.66666666666666,volz=3.2>2.5
2018-05-31,MSFT,1,,-0.0011115850048898368,-0.12328720495384678,2.0409229124397132,20.634920634920633,ML detector flagged
2018-06-01,MSFT,1,,0.01972885406574365,1.0463877963218915,1.1546649423181665,34.92063492063492,ML detector flagged
2018-06-04,MSFT,1,,0.008731035373921836,0.4055497210980774,0.9123609830080726,7.936507936507936,ML detector flagged
2018-06-05,AMZN,1,,0.018663613522230005,0.8911151100044379,2.1598720547419816,53.96825396825397,ML detector flagged
2018-06-06,AMZN,1,,-0.0003536862054248635,-0.10893459959852969,2.476347929644914,49.2063492063492,ML detector flagged
2018-06-08,AAPL,1,,-0.009097574494629002,-0.6786911208136975,1.365076788458772,28.57142857142857,ML detector flagged
2018-06-13,MSFT,1,,-0.004540540306681606,-0.3357943837221908,1.360898189850451,31.746031746031743,ML detector flagged
2018-06-15,AAPL,1,volume_shock,-0.010272465744108561,-0.7366591897524414,6.962412606033026,17.46031746031746,volz=7.0>2.5
2018-06-15,AMZN,1,,-0.004576946338729737,-0.32007079745917466,1.8259330891077556,4.761904761904762,ML detector flagged
2018-06-15,MSFT,1,volume_shock,-0.012719433907748101,-0.8062391869268867,4.896025870724863,34.92063492063492,volz=4.9>2.5
2018-06-22,MSFT,1,,-0.007217704471574882,-0.5474799736137168,1.5326349360032085,17.46031746031746,ML detector flagged
2018-06-25,AMZN,1,volume_shock,-0.030611958118984428,-1.8264043741257618,3.125076800851545,82.53968253968253,volz=3.1>2.5
2018-06-25,NVDA,1,volume_shock,-0.04714085531209988,-2.0689454819433726,2.540918216273237,88.88888888888889,volz=2.5>2.5
2018-07-03,AAPL,1,,-0.017416307153887423,-1.429778141436695,-1.8318432582588942,90.47619047619048,ML detector flagged
2018-07-03,AMZN,1,,-0.011565118055148926,-0.997202333799419,-2.053607223633313,63.49206349206349,ML detector flagged
2018-07-03,MSFT,1,,-0.009598958814313163,-0.9581960918824695,-2.2662268357398623,52.38095238095239,ML detector flagged
2018-07-03,NVDA,1,,-0.022291856968004176,-1.1743969322278065,-2.6068265052968904,69.84126984126983,ML detector flagged
2018-07-11,NVDA,1,,-0.022586284308731663,-1.3000770974907638,-0.05371663671245019,12.698412698412698,ML detector flagged
2018-07-18,MSFT,1,,-0.007833984478595735,-0.8932878003276856,0.8944884122132125,33.33333333333333,ML detector flagged
2018-07-19,MSFT,1,,-0.00684920185343707,-0.7787884718307243,2.119814646480061,36.507936507936506,ML detector flagged
2018-07-20,MSFT,1,volume_shock,0.017911738591985582,1.5326598985832318,3.143626173232719,73.01587301587301,volz=3.1>2.5
2018-07-25,MSFT,1,spike,0.02944448616622508,2.5775029785307244,0.6389281941446798,95.23809523809523,|ret_z|=2.6>2.5; range_pct=95.2>95
2018-07-26,AMZN,1,crash + volume_shock,-0.029839926695322982,-2.862090067064996,3.7262570814979874,84.12698412698413,|ret_z|=2.9>2.5; volz=3.7>2.5
2018-07-26,MSFT,1,,-0.010917538173319308,-1.2775182867233,0.7477088278392403,38.095238095238095,ML detector flagged
2018-07-27,AAPL,1,,-0.016631394902351104,-1.7287330518247919,1.9357283353831354,96.82539682539682,range_pct=96.8>95
2018-07-27,AMZN,1,volume_shock,0.005127223192063157,0.19554006337008584,2.697715363471226,98.4126984126984,volz=2.7>2.5; range_pct=98.4>95
2018-07-27,MSFT,1,,-0.017697545503006618,-1.8707153379609045,1.2603926614324243,98.4126984126984,range_pct=98.4>95
2018-07-30,AMZN,1,,-0.020938027051114694,-2.142823260972363,1.2085747888602916,98.4126984126984,range_pct=98.4>95
2018-07-30,NVDA,1,,-0.0313070430369814,-1.9515289453438047,0.6378722575522286,95.23809523809523,range_pct=95.2>95
2018-07-31,AAPL,1,volume_shock,0.002000816296827912,-0.029479998604047274,5.000842032260667,73.01587301587301,volz=5.0>2.5
2018-07-31,AMZN,1,,-0.0010004548769602106,-0.27505982598800927,0.7774255215260949,95.23809523809523,range_pct=95.2>95
2018-08-01,AAPL,1,spike + volume_shock,0.05891020483579856,5.219020248090936,5.697570442168676,90.47619047619048,|ret_z|=5.2>2.5; volz=5.7>2.5
2018-08-02,AAPL,1,volume_shock,0.029230749297088687,2.262596274096171,3.1694188954398097,100.0,volz=3.2>2.5; range_pct=100.0>95
2018-08-02,MSFT,1,,0.012137722677604712,0.9509421598011403,0.01117278515502806,96.82539682539682,range_pct=96.8>95
2018-08-14,NVDA,1,volume_shock,0.0207324292753297,1.3113417738307036,2.7219154161935366,47.61904761904761,volz=2.7>2.5
2018-08-15,NVDA,1,volume_shock,-0.008988918169487992,-0.6698468303644616,3.420312559437712,80.95238095238095,volz=3.4>2.5
2018-08-16,NVDA,1,volume_shock,-0.006330236731205474,-0.4805403354379713,3.855011283699142,73.01587301587301,volz=3.9>2.5
2018-08-17,NVDA,1,crash + volume_shock,-0.04902097466753619,-3.28470147416454,3.8457095956271763,92.06349206349206,|ret_z|=3.3>2.5; volz=3.8>2.5
2018-08-20,NVDA,1,,0.012335506978520261,0.7493075658981944,2.1542681361092155,100.0,range_pct=100.0>95
2018-08-22,NVDA,1,,0.03750196269286743,2.2068892044896673,1.4465261893737726,95.23809523809523,range_pct=95.2>95
2018-08-29,AMZN,1,spike,0.03377450104558877,2.657189528467991,2.082486519331462,84.12698412698413,|ret_z|=2.7>2.5
2018-08-30,AAPL,1,,0.00919353949593793,0.5333168572346071,1.7202449578550054,96.82539682539682,range_pct=96.8>95
2018-08-30,AMZN,1,,0.002142049621726372,-0.0955177075240861,2.381862444792032,68.25396825396825,ML detector flagged
2018-09-05,MSFT,1,crash + volume_shock,-0.028824685599613264,-2.90658582932752,3.115064628736053,96.82539682539682,|ret_z|=2.9>2.5; volz=3.1>2.5; range_pct=96.8>95
2018-09-06,AAPL,1,,-0.016617461763110186,-1.6455430021984063,1.023265620239388,98.4126984126984,range_pct=98.4>95
2018-09-06,AMZN,1,,-0.018302347418989506,-1.6776448271771636,1.6755336701744457,98.4126984126984,range_pct=98.4>95
2018-09-11,AAPL,1,,0.0252829286911167,1.9124946434910137,0.8654228891147996,98.4126984126984,range_pct=98.4>95
2018-09-11,AMZN,1,,0.024827109920003032,1.7623385953643615,0.33395085458628726,96.82539682539682,range_pct=96.8>95
2018-09-17,AMZN,1,crash,-0.031550212902319186,-2.577823974294318,1.5033979120054857,96.82539682539682,|ret_z|=2.6>2.5; range_pct=96.8>95
2018-09-20,NVDA,1,,-0.020957545049047233,-1.2453485170164056,0.3669421245499217,23.809523809523807,ML detector flagged
2018-09-21,AAPL,1,volume_shock,-0.010771323296175583,-1.043755777690269,3.735111827939606,65.07936507936508,volz=3.7>2.5
2018-09-21,MSFT,1,volume_shock,0.006075627272919659,0.3622486817851182,8.156366328282106,61.904761904761905,volz=8.2>2.5
2018-09-24,AMZN,1,,0.010104373077562068,0.5909514865272322,-0.340039271204223,98.4126984126984,range_pct=98.4>95
2018-09-28,NVDA,1,spike + volume_shock,0.05093491727238719,3.1675912805882875,3.371402841210687,88.88888888888889,|ret_z|=3.2>2.5; volz=3.4>2.5
2018-10-01,NVDA,1,,0.029677569127038117,1.6227199367809262,2.2461998378183456,80.95238095238095,ML detector flagged
2018-10-05,AAPL,1,,-0.016228882725052296,-1.4763542632224014,0.09320756468416234,98.4126984126984,range_pct=98.4>95
2018-10-05,NVDA,1,,-0.033764330008612786,-2.1737970490527165,0.7981299700789767,98.4126984126984,range_pct=98.4>95
2018-10-08,AMZN,1,,-0.013351668373921877,-1.0879805206020656,1.9093585883844972,98.4126984126984,range_pct=98.4>95
2018-10-08,NVDA,1,,-0.015156054934175045,-0.9704499822181144,0.6184704935229396,95.23809523809523,range_pct=95.2>95
2018-10-10,AAPL,1,crash,-0.04632622270803377,-3.735257123973796,0.8859444976599002,100.0,|ret_z|=3.7>2.5; range_pct=100.0>95
2018-10-10,AMZN,1,crash + volume_shock,-0.06152420419692095,-4.578871906238714,3.212509267498155,100.0,|ret_z|=4.6>2.5; volz=3.2>2.5; range_pct=100.0>95
2018-10-10,MSFT,1,crash + volume_shock,-0.05433811462828442,-5.072074076688695,3.0389347266748614,100.0,|ret_z|=5.1>2.5; volz=3.0>2.5; range_pct=100.0>95
2018-10-10,NVDA,1,crash,-0.07475340109915884,-4.51642956223966,2.133736417289165,100.0,|ret_z|=4.5>2.5; range_pct=100.0>95
2018-10-11,AMZN,1,volume_shock,-0.020447238084852604,-1.3031055347643679,3.2642845347890286,98.4126984126984,volz=3.3>2.5; range_pct=98.4>95
2018-10-11,MSFT,1,volume_shock,-0.0023550038488688863,-0.2179729079387862,2.522100102543617,98.4126984126984,volz=2.5>2.5; range_pct=98.4>95
2018-10-11,NVDA,1,,-0.04298098373407444,-2.2219064349024547,2.0121248150114193,96.82539682539682,range_pct=96.8>95
2018-10-12,AMZN,1,spike,0.040276614897397645,2.6183084741832294,1.5207840386887228,92.06349206349206,|ret_z|=2.6>2.5
2018-10-12,MSFT,1,spike,0.03455764087698565,2.6950088835489723,1.4045788439557443,96.82539682539682,|ret_z|=2.7>2.5; range_pct=96.8>95
2018-10-12,NVDA,1,,0.048526318784231526,2.463107784452811,1.3184184362168967,88.88888888888889,ML detector flagged
2018-10-19,NVDA,1,,-0.04325138123068695,-1.9151876178413068,1.135962990090969,98.4126984126984,range_pct=98.4>95
2018-10-23,AAPL,1,,0.009426747904710098,0.4431988903844327,1.225268371784756,96.82539682539682,range_pct=96.8>95
2018-10-24,AAPL,1,,-0.034301592332117825,-2.279787562925822,1.3614615323710175,98.4126984126984,range_pct=98.4>95
2018-10-24,AMZN,1,crash,-0.059082943905076846,-3.3684744024251883,0.4500518205346113,100.0,|ret_z|=3.4>2.5; range_pct=100.0>95
2018-10-24,MSFT,1,crash,-0.05346898428757463,-3.8942087230503613,2.0968010189015898,100.0,|ret_z|=3.9>2.5; range_pct=100.0>95
2018-10-24,NVDA,1,crash,-0.09793721343149553,-4.081147866456718,1.9834933123330605,100.0,|ret_z|=4.1>2.5; range_pct=100.0>95
2018-10-25,AMZN,1,spike,0.07088697045710579,3.8968095057360563,1.5709215579796794,96.82539682539682,|ret_z|=3.9>2.5; range_pct=96.8>95
2018-10-25,MSFT,1,spike,0.058444200736650576,3.9123930925710626,1.7213669820970867,87.3015873015873,|ret_z|=3.9>2.5
2018-10-25,NVDA,1,,0.04227459331096295,1.7334089162431978,1.9400616303701694,98.4126984126984,range_pct=98.4>95
2018-10-26,AMZN,1,crash,-0.07819679487096065,-3.794329529501497,2.4936710357779592,96.82539682539682,|ret_z|=3.8>2.5; range_pct=96.8>95
2018-10-29,AAPL,1,,-0.018770256093051496,-1.2485326498939135,1.5373822045198164,100.0,range_pct=100.0>95
2018-10-29,AMZN,1,crash,-0.06326358495753426,-2.7454779329961174,1.903118930053315,100.0,|ret_z|=2.7>2.5; range_pct=100.0>95
2018-10-29,MSFT,1,,-0.029076428891230854,-1.7765032110980543,1.1570133473200865,100.0,range_pct=100.0>95
2018-10-29,NVDA,1,,-0.06389622520554739,-2.230908309984367,1.1290004965468194,100.0,range_pct=100.0>95
2018-10-30,NVDA,1,spike,0.09363206845361094,3.439006928818132,1.2878647645138521,96.82539682539682,|ret_z|=3.4>2.5; range_pct=96.8>95
2018-11-01,AAPL,1,,0.01535226243979948,0.9342286982660025,2.492422893482351,74.60317460317461,ML detector flagged
2018-11-02,AAPL,1,crash + volume_shock,-0.06633075092822238,-4.3757226381094725,4.006044554184768,95.23809523809523,|ret_z|=4.4>2.5; volz=4.0>2.5; range_pct=95.2>95
2018-11-07,AMZN,1,spike,0.06858975025821268,2.806581675997531,0.18238170106461615,92.06349206349206,|ret_z|=2.8>2.5
2018-11-12,AAPL,1,crash,-0.05037405480265389,-2.713643604894374,0.941576924419277,85.71428571428571,|ret_z|=2.7>2.5
2018-11-14,AAPL,1,,-0.028247274395368116,-1.3818619660588163,1.3526604425400368,96.82539682539682,range_pct=96.8>95
2018-11-16,NVDA,1,crash + volume_shock,-0.1875587042023832,-5.513071625466149,3.951497655497533,80.95238095238095,|ret_z|=5.5>2.5; volz=4.0>2.5
2018-11-19,MSFT,1,,-0.03389047503830955,-1.8389256571926764,0.45975126715955483,95.23809523809523,range_pct=95.2>95
2018-11-19,NVDA,1,crash,-0.11999023609357151,-2.8017619790087203,2.4909845053382647,98.4126984126984,|ret_z|=2.8>2.5; range_pct=98.4>95
2018-11-20,AMZN,1,,-0.011128869258064666,-0.2868783661394364,1.1270896726389084,98.4126984126984,range_pct=98.4>95
2018-11-20,NVDA,1,,0.030269585129344634,0.8845488289074356,2.076749753641971,98.4126984126984,range_pct=98.4>95
2018-11-23,AAPL,1,,-0.025398845255549474,-1.0599850029803393,-1.9336944923638901,63.49206349206349,ML detector flagged
2018-11-23,AMZN,1,,-0.009672072197363879,-0.23043216076241574,-3.245403874172881,33.33333333333333,ML detector flagged
2018-11-23,MSFT,1,,-0.0003879039910517079,0.0013778978935765527,-3.373702858585067,42.857142857142854,ML detector flagged
2018-12-03,AAPL,1,,0.034942385722946945,1.762551028100021,-0.18523768490615453,33.33333333333333,ML detector flagged
2018-12-04,AMZN,1,,-0.058656233381887524,-1.8783305932281906,1.134194653313093,95.23809523809523,range_pct=95.2>95
2018-12-07,MSFT,1,,-0.040022026611815975,-1.9718432001485227,0.8813871010532399,95.23809523809523,range_pct=95.2>95
2018-12-19,AAPL,1,,-0.031191806505555864,-1.185422307694316,0.8224267934738341,98.4126984126984,range_pct=98.4>95
2018-12-19,AMZN,1,,-0.03635240230236314,-1.0424675611803378,0.9847185927856372,95.23809523809523,range_pct=95.2>95
2018-12-19,MSFT,1,,-0.002693017106550011,-0.07542575586831177,1.797327849798444,95.23809523809523,range_pct=95.2>95
2018-12-20,MSFT,1,,-0.02102423506784934,-0.9257754092997544,1.6723731598823108,96.82539682539682,range_pct=96.8>95
2018-12-21,AAPL,1,volume_shock,-0.03889557740360372,-1.455229932017921,3.338143790470949,98.4126984126984,volz=3.3>2.5; range_pct=98.4>95
2018-12-21,AMZN,1,,-0.05707714613684378,-1.6443740237834459,2.3303907300886753,98.4126984126984,range_pct=98.4>95
2018-12-21,MSFT,1,volume_shock,-0.032312162074211725,-1.4152008500917261,2.750077760510568,96.82539682539682,volz=2.8>2.5; range_pct=96.8>95
2018-12-26,AAPL,1,spike,0.07042150021701743,3.2372066587896544,1.0813245140741774,100.0,|ret_z|=3.2>2.5; range_pct=100.0>95
2018-12-26,AMZN,1,spike,0.09445226581602428,3.023788414370098,1.256362149840011,95.23809523809523,|ret_z|=3.0>2.5; range_pct=95.2>95
2018-12-26,MSFT,1,spike,0.06830981152865312,3.139688678338326,0.500153163012129,96.82539682539682,|ret_z|=3.1>2.5; range_pct=96.8>95
2019-01-03,AAPL,1,crash + volume_shock,-0.09960740672653301,-3.723089407477055,2.7326987342270495,42.857142857142854,|ret_z|=3.7>2.5; volz=2.7>2.5
2019-01-11,NVDA,1,,0.024788128885183225,0.6772868252583134,1.8684464461420713,33.33333333333333,ML detector flagged
2019-01-24,NVDA,1,,0.05727105627824125,1.3264708074213034,0.6878311936493459,19.047619047619047,ML detector flagged
2019-01-25,NVDA,1,volume_shock,0.014635164792479838,0.4054871610830503,3.508334697546767,71.42857142857143,volz=3.5>2.5
2019-01-28,NVDA,1,crash + volume_shock,-0.13824535747202238,-2.8088355670656187,6.357675231419116,85.71428571428571,|ret_z|=2.8>2.5; volz=6.4>2.5
2019-01-30,AAPL,1,spike,0.06833476423624618,2.6650469127059244,1.6331756178211976,84.12698412698413,|ret_z|=2.7>2.5
2019-01-30,MSFT,1,volume_shock,0.033417472740792986,1.5349352945621375,2.8278443640757915,33.33333333333333,volz=2.8>2.5
2019-01-31,AMZN,1,volume_shock,0.028914665807473927,0.8692064895626835,2.56448914432289,46.03174603174603,volz=2.6>2.5
2019-01-31,MSFT,1,volume_shock,-0.01833049730468439,-0.8267410567547756,3.047992674983467,36.507936507936506,volz=3.0>2.5
2019-02-01,AMZN,1,,-0.05381880868498756,-1.7795137133317935,2.3689367113578004,44.44444444444444,ML detector flagged
2019-03-11,AAPL,1,,0.03464213783938819,1.4790279859227482,2.023883424748463,55.55555555555556,ML detector flagged
2019-03-11,NVDA,1,,0.06970278162023136,2.08531469607223,1.5414596424252827,95.23809523809523,range_pct=95.2>95
2019-03-13,AAPL,1,,0.004422051966779694,0.1264736160796124,1.5798720801823254,23.809523809523807,ML detector flagged
2019-03-13,MSFT,1,volume_shock,0.007745100026956386,0.33055692083935734,2.7143776194081366,9.523809523809524,volz=2.7>2.5
2019-03-14,MSFT,1,,0.0007859962766108008,-0.02362570943166804,1.4460571049105548,0.0,ML detector flagged
2019-03-15,AAPL,1,volume_shock,0.013008187130369775,0.4840185594979606,2.59695608247099,53.96825396825397,volz=2.6>2.5
2019-03-15,AMZN,1,volume_shock,0.01550213797879385,0.585578774741309,3.4552258753374283,28.57142857142857,volz=3.5>2.5
2019-03-15,MSFT,1,volume_shock,0.01151940878408797,0.5623601542950726,4.432811481621014,74.60317460317461,volz=4.4>2.5
2019-03-19,AMZN,1,,0.011307838530439263,0.4028266397214044,1.8271063041953193,39.682539682539684,ML detector flagged
2019-03-19,MSFT,1,,0.0006805220965526715,-0.03719077734159598,1.51143401306121,19.047619047619047,ML detector flagged
2019-03-19,NVDA,1,,0.040011778139226184,1.1109494901599843,1.4162313519859322,34.92063492063492,ML detector flagged
2019-03-20,AMZN,1,,0.020103893314487697,0.7328146745901483,1.5816320695013322,42.857142857142854,ML detector flagged
2019-03-21,AAPL,1,volume_shock,0.036830216395339344,1.491895049876167,3.135764890580059,88.88888888888889,volz=3.1>2.5
2019-03-21,NVDA,1,,0.05470188770156392,1.5086954699209079,1.6495208331623537,74.60317460317461,ML detector flagged
2019-03-26,AAPL,1,,-0.010331665936904266,-0.5927174309357305,2.026510174844414,96.82539682539682,range_pct=96.8>95
2019-04-24,MSFT,1,,-0.003427932985681892,-0.5594857879512877,2.1432306077498575,23.809523809523807,ML detector flagged
2019-04-25,AMZN,1,volume_shock,0.0002629157355067413,-0.1404212150058364,3.299437996738414,23.809523809523807,volz=3.3>2.5
2019-04-25,MSFT,1,spike + volume_shock,0.03311726197340903,2.715706720193007,2.8418899461844864,87.3015873015873,|ret_z|=2.7>2.5; volz=2.8>2.5
2019-04-26,AMZN,1,volume_shock,0.025433042388125937,1.4677734820407944,4.452255901265731,90.47619047619048,volz=4.5>2.5
2019-04-26,NVDA,1,volume_shock,-0.047188590438811295,-1.7679878918543068,3.387722871984871,84.12698412698413,volz=3.4>2.5
2019-04-30,AAPL,1,volume_shock,-0.019256163119063974,-1.7516303621606766,3.8477058135993047,82.53968253968253,volz=3.8>2.5
2019-05-01,AAPL,1,spike + volume_shock,0.04908560827744868,3.2618546794597516,4.166227645529754,93.65079365079364,|ret_z|=3.3>2.5; volz=4.2>2.5
2019-05-01,MSFT,1,,-0.02082703936433683,-2.2414851553998827,1.1106530474688037,95.23809523809523,range_pct=95.2>95
2019-05-03,AMZN,1,,0.0324281185962807,2.2095001890839234,2.054447950026218,44.44444444444444,ML detector flagged
2019-05-07,AAPL,1,,-0.02695703871642141,-2.4425133430219357,1.2773631898049724,95.23809523809523,range_pct=95.2>95
2019-05-07,MSFT,1,,-0.020522822922382167,-2.3246887574999353,1.9262580531648485,96.82539682539682,range_pct=96.8>95
2019-05-10,MSFT,1,,0.012988011327067062,0.9768899062783071,1.0461185754917985,100.0,range_pct=100.0>95
2019-05-10,NVDA,1,,-0.008049853418605646,-0.5073148058356525,1.2190000047492227,95.23809523809523,range_pct=95.2>95
2019-05-13,AAPL,1,crash,-0.05811940487106437,-4.730211846403926,2.1558421892140207,96.82539682539682,|ret_z|=4.7>2.5; range_pct=96.8>95
2019-05-13,AMZN,1,crash,-0.03560880403670785,-3.1379039892492737,1.0293922035956988,57.14285714285714,|ret_z|=3.1>2.5
2019-05-13,MSFT,1,crash,-0.02973336694719153,-3.156323665911676,1.2681092794090825,85.71428571428571,|ret_z|=3.2>2.5
2019-05-13,NVDA,1,crash,-0.061426540683692576,-3.0557183511186725,1.6754216907827266,87.3015873015873,|ret_z|=3.1>2.5
2019-05-15,AMZN,1,,0.016863046637835666,1.172180904679581,0.21765058629370249,95.23809523809523,range_pct=95.2>95
2019-05-15,MSFT,1,,0.014082188595396783,1.037861956457045,0.015812372118942278,96.82539682539682,range_pct=96.8>95
2019-05-16,NVDA,1,,0.0038225677630470134,0.13011144139339414,2.035872528661298,41.269841269841265,ML detector flagged
2019-05-17,NVDA,1,volume_shock,-0.02284787711896441,-1.0697201589796128,2.634372730325264,98.4126984126984,volz=2.6>2.5; range_pct=98.4>95
2019-05-20,AAPL,1,,-0.03126984481345696,-2.200009443722765,0.7047689993865128,77.77777777777779,ML detector flagged
2019-05-22,MSFT,1,,0.00606769158610998,0.28007999219345514,-2.429288622932813,52.38095238095239,ML detector flagged
2019-05-23,AMZN,1,,-0.02376756859546203,-1.9816440631031507,-0.19187093541030223,80.95238095238095,ML detector flagged
2019-05-31,AMZN,1,,-0.022710756485539996,-1.7924245873870217,0.26277628283343357,33.33333333333333,ML detector flagged
2019-05-31,MSFT,1,,-0.016304742666602312,-1.5878752477082783,0.39765935893949694,22.22222222222222,ML detector flagged
2019-06-03,AAPL,1,,-0.010110332115200515,-0.6374539231169044,1.0909163143119072,98.4126984126984,range_pct=98.4>95
2019-06-03,AMZN,1,crash + volume_shock,-0.04640944152935211,-3.4446061282981,3.285390828587156,100.0,|ret_z|=3.4>2.5; volz=3.3>2.5; range_pct=100.0>95
2019-06-03,MSFT,1,crash,-0.03104792668418932,-2.787238165860212,1.7922585241627325,100.0,|ret_z|=2.8>2.5; range_pct=100.0>95
2019-06-04,AMZN,1,,0.02178196743868477,1.4560761981848205,0.7814173143774754,95.23809523809523,range_pct=95.2>95
2019-06-04,NVDA,1,spike,0.06891915282027794,3.0679840027620306,0.8692855938941051,96.82539682539682,|ret_z|=3.1>2.5; range_pct=96.8>95
2019-06-07,MSFT,1,,0.028008028169090426,1.9552399109976968,1.3021716707875879,95.23809523809523,range_pct=95.2>95
2019-06-10,AMZN,1,,0.03137418705164108,1.961289730678988,0.7248812311657642,98.4126984126984,range_pct=98.4>95
2019-06-17,AAPL,1,,0.0059665744317356495,0.3118021907637231,-2.9025964905790795,28.57142857142857,ML detector flagged
2019-06-18,NVDA,1,,0.05412674184565569,2.458145242043976,0.9986958865484683,95.23809523809523,range_pct=95.2>95
2019-06-21,AAPL,1,volume_shock,-0.003409273480184938,-0.24296974734681304,2.6657088453603848,25.396825396825395,volz=2.7>2.5
2019-06-21,MSFT,1,,0.00014621943465487064,-0.15815048549254285,1.7396171432787881,19.047619047619047,ML detector flagged
2019-06-25,MSFT,1,crash,-0.03157212410439292,-2.7257603851184276,1.242076386938386,98.4126984126984,|ret_z|=2.7>2.5; range_pct=98.4>95
2019-06-26,NVDA,1,,0.051359914074023516,2.4708132987294924,1.669253419615626,80.95238095238095,ML detector flagged
2019-06-27,NVDA,1,,0.02492781876544048,1.1576921358848793,0.40029638432519,3.1746031746031744,ML detector flagged
2019-06-28,AAPL,1,,-0.009111931141311702,-0.6293655123047789,0.8830300469644918,15.873015873015872,ML detector flagged
2019-07-01,NVDA,1,,0.011812739878615863,0.5660107246698134,2.4663566933729353,98.4126984126984,range_pct=98.4>95
2019-07-03,AAPL,1,,0.008286921624758525,0.4537769852849874,-2.7806011441786582,6.349206349206349,ML detector flagged
2019-07-11,NVDA,1,,0.038860397466568886,1.8092524231672547,2.217869240062033,85.71428571428571,ML detector flagged
2019-07-19,MSFT,1,volume_shock,0.0014659552968883105,-0.03635276786289163,2.907940727653806,95.23809523809523,volz=2.9>2.5; range_pct=95.2>95
2019-07-25,AMZN,1,,-0.013489592472189615,-1.012618640250519,1.462373365162783,44.44444444444444,ML detector flagged
2019-07-26,AMZN,1,,-0.015589009280602029,-1.1357399964746817,2.0267145066057273,39.682539682539684,ML detector flagged
2019-07-30,AAPL,1,volume_shock,-0.004292287403250938,-0.2921216038944214,2.572175154538953,39.682539682539684,volz=2.6>2.5
2019-07-31,AAPL,1,volume_shock,0.020404359456131616,1.1850097596246387,5.384686528435983,100.0,volz=5.4>2.5; range_pct=100.0>95
2019-07-31,MSFT,1,,-0.029070156039499695,-2.3806436790975876,2.3350140446990375,98.4126984126984,range_pct=98.4>95
2019-07-31,NVDA,1,,-0.03835858847814466,-1.6761828364325098,-0.05786640656796552,90.47619047619048,ML detector flagged
2019-08-01,AAPL,1,volume_shock,-0.021639271220733503,-1.4165239410042567,2.758846769870121,100.0,volz=2.8>2.5; range_pct=100.0>95
2019-08-01,AMZN,1,,-0.006138957363995834,-0.40821352678157646,1.3626828668513866,96.82539682539682,range_pct=96.8>95
2019-08-01,MSFT,1,,0.013135550448008182,0.9204452815853537,2.162109510687466,90.47619047619048,ML detector flagged
2019-08-01,NVDA,1,,-0.022522480056303973,-0.9348631465839158,0.6392450858064941,100.0,range_pct=100.0>95
2019-08-05,AAPL,1,crash,-0.05234787751763703,-3.2658550017820533,2.02435114186172,90.47619047619048,|ret_z|=3.3>2.5
2019-08-05,AMZN,1,,-0.03187182469823546,-2.215300752724552,2.143428400875441,79.36507936507937,ML detector flagged
2019-08-05,MSFT,1,crash,-0.034258449028585214,-2.765039188782433,1.97581925942357,87.3015873015873,|ret_z|=2.8>2.5
2019-08-05,NVDA,1,crash,-0.06452007435847218,-2.6751268487880893,1.8335053987958296,74.60317460317461,|ret_z|=2.7>2.5
2019-08-13,AAPL,1,spike,0.0423484620892951,2.6608626554774277,1.353952300208903,100.0,|ret_z|=2.7>2.5; range_pct=100.0>95
2019-08-14,AMZN,1,,-0.03364504754200959,-2.336866976932497,1.0703870418620884,74.60317460317461,ML detector flagged
2019-08-14,MSFT,1,,-0.03011447380967891,-2.363585227409122,0.7001091151080222,87.3015873015873,ML detector flagged
2019-08-16,NVDA,1,spike + volume_shock,0.0725281374840665,3.0398799826319536,4.291790443449824,66.66666666666666,|ret_z|=3.0>2.5; volz=4.3>2.5
2019-08-19,NVDA,1,spike,0.07031834029369932,2.71257340626674,2.386075868517398,92.06349206349206,|ret_z|=2.7>2.5
2019-08-23,AAPL,1,crash,-0.0462204657831955,-3.1009483560329776,1.1227054069581432,98.4126984126984,|ret_z|=3.1>2.5; range_pct=98.4>95
2019-08-23,AMZN,1,,-0.030498840789987658,-2.112637070756134,1.1424582713783729,96.82539682539682,range_pct=96.8>95
2019-08-23,MSFT,1,,-0.031862351823227275,-2.4045537397566434,1.3906290208684566,98.4126984126984,range_pct=98.4>95
2019-08-23,NVDA,1,,-0.05271737506594487,-2.099514516001706,0.9998992922990778,96.82539682539682,range_pct=96.8>95
2019-09-05,NVDA,1,,0.06506291390548591,2.3597760714995553,1.6708189073945974,87.3015873015873,ML detector flagged
2019-09-11,AAPL,1,,0.03179514211662382,1.8347466844735842,2.015355972452919,88.88888888888889,ML detector flagged
2019-09-16,AMZN,1,,-0.017125708452679467,-1.3565618594449025,1.1624727233443097,47.61904761904761,ML detector flagged
2019-09-19,MSFT,1,,0.01840896050447438,1.3597631590718464,2.256825211323314,68.25396825396825,ML detector flagged
2019-09-20,AAPL,1,volume_shock,-0.014618170674276398,-0.982772520755239,2.7549929885278335,80.95238095238095,volz=2.8>2.5
2019-09-20,AMZN,1,volume_shock,-0.015009588701791143,-1.1331273539847695,2.79565077401363,95.23809523809523,volz=2.8>2.5; range_pct=95.2>95
2019-09-24,AMZN,1,,-0.024472112407794233,-1.8433207755862289,1.7511098364269444,100.0,range_pct=100.0>95
2019-10-03,NVDA,1,,0.04779238608647951,1.7964432895721971,1.3432126957254087,96.82539682539682,range_pct=96.8>95
2019-10-07,NVDA,1,,0.012969210143455756,0.3914371986439168,2.02103024276209,36.507936507936506,ML detector flagged
2019-10-08,NVDA,1,,-0.03851791028742402,-1.5724981367137383,1.5136829678896115,39.682539682539684,ML detector flagged
2019-10-11,NVDA,1,,0.016172240775454094,0.5446418501031308,1.5907390895127012,20.634920634920633,ML detector flagged
2019-10-15,NVDA,1,volume_shock,0.052752861518752026,1.9094137862847196,2.890150493590582,93.65079365079364,volz=2.9>2.5
2019-10-24,AMZN,1,,0.010560834021384524,0.9274207673581464,2.2563209146086627,58.730158730158735,ML detector flagged
2019-10-24,MSFT,1,,0.01967358760986948,1.4199669515847124,2.3641157643698687,38.095238095238095,ML detector flagged
2019-10-25,AMZN,1,volume_shock,-0.010922221117825037,-0.7291031773834388,5.308699265798468,100.0,volz=5.3>2.5; range_pct=100.0>95
2019-10-28,MSFT,1,,0.02458619459171585,1.7246939280131826,1.764176285394459,49.2063492063492,ML detector flagged
2019-10-31,AAPL,1,,0.02260954103737811,1.1650819377314185,1.2625987434867394,96.82539682539682,range_pct=96.8>95
2019-11-01,AAPL,1,,0.028380830827287484,1.4696817468731167,1.566418837218346,87.3015873015873,ML detector flagged
2019-11-01,MSFT,1,,0.0024413919757135805,0.11087875848267846,1.4167129478524314,11.11111111111111,ML detector flagged
2019-11-14,NVDA,1,volume_shock,0.0058492662704008325,0.0071380490013631635,2.7762453239064917,9.523809523809524,volz=2.8>2.5
2019-11-15,NVDA,1,volume_shock,-0.026693304303931353,-1.3838889310081373,5.4162754971894085,98.4126984126984,volz=5.4>2.5; range_pct=98.4>95
2019-11-18,NVDA,1,,0.039619989200786465,1.7117705983826386,1.7181009924423625,90.47619047619048,ML detector flagged
2019-11-21,AAPL,1,,-0.004483488731885754,-0.5795211525400152,1.090989752058873,30.158730158730158,ML detector flagged
2019-11-25,NVDA,1,,0.048935474529469,2.1806106942497165,1.0878132524655408,63.49206349206349,ML detector flagged
2019-11-26,AMZN,1,,0.013022581535564237,1.3165269972989162,1.0360587168223763,30.158730158730158,ML detector flagged
2019-11-26,MSFT,1,,0.005289957155049985,0.3346073874698869,0.8172361309982986,3.1746031746031744,ML detector flagged
2019-11-29,AAPL,1,,-0.0022027681990488546,-0.5126219752787372,-2.972933555105819,4.761904761904762,ML detector flagged
2019-12-02,NVDA,1,,-0.03455758900777739,-1.8575219243124073,0.318600518322427,85.71428571428571,ML detector flagged
2019-12-03,AAPL,1,,-0.01783000405303692,-1.802347153688547,1.0874951668778712,44.44444444444444,ML detector flagged
2019-12-12,AAPL,1,,0.0025482444724018727,-0.05386794017643341,1.8478242215152803,82.53968253968253,ML detector flagged
2019-12-16,MSFT,1,,0.006471187438191084,0.4553571420146299,0.8974614513305479,9.523809523809524,ML detector flagged
2019-12-17,AMZN,1,,0.012124097035278503,1.3347597801431073,1.3534825970733868,14.285714285714285,ML detector flagged
2019-12-17,MSFT,1,,-0.005400859356408438,-0.7774468232145053,1.072511398165522,20.634920634920633,ML detector flagged
2019-12-18,AMZN,1,,-0.003702548086325974,-0.36846039300223604,0.9503994978317968,22.22222222222222,ML detector flagged
2019-12-20,AAPL,1,volume_shock,-0.002071232481644536,-0.5340438642370483,3.695697747682801,57.14285714285714,volz=3.7>2.5
2019-12-20,AMZN,1,volume_shock,-0.0032249588247337257,-0.3471771536965788,3.316430145115895,41.269841269841265,volz=3.3>2.5
2019-12-20,MSFT,1,volume_shock,0.010917758740603967,0.9763662642385301,4.247729911794124,71.42857142857143,volz=4.2>2.5
2019-12-20,NVDA,1,,0.01660568946087837,0.589452232628945,1.939177468541088,4.761904761904762,ML detector flagged
2019-12-24,AMZN,1,,-0.002113797580870047,-0.29634943460845653,-5.267955651221804,0.0,ML detector flagged
2019-12-24,MSFT,1,,-0.00019061186505886507,-0.2674399613792128,-2.7453923999062853,0.0,ML detector flagged
2019-12-26,AMZN,1,spike,0.04446658599645992,5.1338745600056575,2.2203125775123116,98.4126984126984,|ret_z|=5.1>2.5; range_pct=98.4>95
2019-12-27,AMZN,1,,0.0005511803411386573,-0.06313794218921005,2.020588047708017,87.3015873015873,ML detector flagged
2020-01-02,AMZN,1,spike,0.02715064338541917,2.589343538580422,0.706935781143014,85.71428571428571,|ret_z|=2.6>2.5
2020-01-02,NVDA,1,,0.019591986531011907,0.777358095263498,-0.5714055731788436,11.11111111111111,ML detector flagged
2020-01-03,AAPL,1,,-0.009722090810196593,-1.3528193970169,0.8423510221130048,52.38095238095239,ML detector flagged
2020-01-03,AMZN,1,,-0.012139050344284086,-1.3231164685120942,0.5372789542564829,49.2063492063492,ML detector flagged
2020-01-03,MSFT,1,,-0.012451752614067835,-1.800773281984523,0.15887545972242004,60.317460317460316,ML detector flagged
2020-01-03,NVDA,1,,-0.016005951120649398,-1.1360141939742776,-0.9157539494010939,22.22222222222222,ML detector flagged
2020-01-06,AAPL,1,,0.00796823238655131,0.28036251979553267,0.2014614492856251,93.65079365079364,ML detector flagged
2020-01-07,AAPL,1,,-0.004702984086870088,-0.8596973746763513,-0.11522677478226702,38.095238095238095,ML detector flagged
2020-01-07,AMZN,1,,0.0020915561982559616,0.05733982846322286,0.6419553662237016,46.03174603174603,ML detector flagged
2020-01-07,NVDA,1,,0.012106647159594974,0.4241111767090785,0.38507542254667815,55.55555555555556,ML detector flagged
2020-01-08,NVDA,1,,0.0018755743445304507,-0.13680067166303597,-0.051064667826776135,28.57142857142857,ML detector flagged
2020-01-09,AAPL,1,,0.021240879322178774,1.530215621221887,1.1649072445740494,50.79365079365079,ML detector flagged
2020-01-09,AMZN,1,,0.004799271799026172,0.29553060086400706,0.0011081003005303373,52.38095238095239,ML detector flagged
2020-01-09,MSFT,1,,0.01249297649382175,1.1384406461610084,0.08922046160530753,15.873015873015872,ML detector flagged
2020-01-10,NVDA,1,,0.0053493617751392275,0.027694870399329448,0.2933512508421451,47.61904761904761,ML detector flagged
2020-01-13,MSFT,1,,0.012024342669773258,1.1321429246347647,0.056008265749631796,61.904761904761905,ML detector flagged
2020-01-13,NVDA,1,,0.031352218462666226,1.5416224856753724,0.2971368247275107,66.66666666666666,ML detector flagged
2020-01-14,NVDA,1,,-0.01865220979128024,-1.3495349789139044,0.6062137520385971,41.269841269841265,ML detector flagged
2020-01-15,NVDA,1,,-0.006915202498386175,-0.6508254359617237,-0.3261228506297857,33.33333333333333,ML detector flagged
2020-01-16,NVDA,1,,0.013682369670933614,0.5966369445063642,-0.008591089532460143,0.0,ML detector flagged
2020-01-17,AAPL,1,,0.01107107140521335,0.5743111136389701,0.3642040623499146,38.095238095238095,ML detector flagged
2020-01-17,MSFT,1,,0.005596727871296059,0.32810531401456333,1.5063170477049512,58.730158730158735,ML detector flagged
2020-01-17,NVDA,1,,0.0014060246352396444,-0.16137747472239605,-0.35756751045808,4.761904761904762,ML detector flagged
2020-01-21,AAPL,1,,-0.006776962664993613,-1.0738053090334023,-0.3393208969873997,14.285714285714285,ML detector flagged
2020-01-21,MSFT,1,,-0.003590710795005281,-0.761886635159218,0.9426079290294378,50.79365079365079,ML detector flagged
2020-01-21,NVDA,1,,-0.005375435902436276,-0.5693765100634022,-0.8179160385829709,7.936507936507936,ML detector flagged
2020-01-22,AAPL,1,,0.003569590885131202,-0.10746570424491146,-0.5942677064342083,11.11111111111111,ML detector flagged
2020-01-22,AMZN,1,,-0.002399597813160681,-0.34842510058766885,-0.06078454269802452,33.33333333333333,ML detector flagged
2020-01-23,AMZN,1,,-0.001525862769232944,-0.2401063562766845,-0.7209089230109552,28.57142857142857,ML detector flagged
2020-01-23,NVDA,1,,0.010995145656256256,0.43257183009453615,-0.29392697601257756,57.14285714285714,ML detector flagged
2020-01-24,AMZN,1,,-0.012172442635055014,-1.3096969618370893,0.3993906878978188,96.82539682539682,range_pct=96.8>95
2020-01-24,MSFT,1,,-0.010076814360706288,-1.6734535628957985,0.6865367836452704,98.4126984126984,range_pct=98.4>95
2020-01-24,NVDA,1,,-0.009412356722903636,-0.8447169941813002,1.7415909725348317,96.82539682539682,range_pct=96.8>95
2020-01-27,AAPL,1,crash,-0.02940526938829402,-3.1184828853508333,1.1166387327645677,90.47619047619048,|ret_z|=3.1>2.5
2020-01-27,AMZN,1,,-0.017887480160557967,-1.8347776193296306,0.1715105875697209,66.66666666666666,ML detector flagged
2020-01-27,MSFT,1,,-0.016723250766993325,-2.4234977625577536,1.5540481143766558,98.4126984126984,range_pct=98.4>95
2020-01-27,NVDA,1,crash + volume_shock,-0.04104118070585938,-2.7857738352746715,2.7329435389767465,95.23809523809523,|ret_z|=2.8>2.5; volz=2.7>2.5; range_pct=95.2>95
2020-01-28,AAPL,1,,0.028289343925326893,2.095813908048974,1.3809128588372828,84.12698412698413,ML detector flagged
2020-01-28,AMZN,1,,0.013624399534750253,1.2591642667407237,-0.94550868140017,73.01587301587301,ML detector flagged
2020-01-29,AAPL,1,volume_shock,0.02093233031159647,1.3992882431891616,3.005841492483283,84.12698412698413,volz=3.0>2.5
2020-01-29,AMZN,1,,0.0025630648860111016,0.16251693340592205,-2.294576582831662,42.857142857142854,ML detector flagged
2020-01-29,MSFT,1,,0.015592770516134058,1.5200242273611497,2.2710094667981924,93.65079365079364,ML detector flagged
2020-01-30,AMZN,1,volume_shock,0.006824571426769177,0.5818512016990962,3.5196540932859537,53.96825396825397,volz=3.5>2.5
2020-01-30,MSFT,1,spike + volume_shock,0.028207619075541812,3.1315887454793585,3.958165562225374,96.82539682539682,|ret_z|=3.1>2.5; volz=4.0>2.5; range_pct=96.8>95
2020-01-31,AAPL,1,crash,-0.04433874272782523,-4.200744997555982,2.066398011635311,98.4126984126984,|ret_z|=4.2>2.5; range_pct=98.4>95
2020-01-31,AMZN,1,spike + volume_shock,0.0737913021087453,7.007569032593535,6.447518814936828,98.4126984126984,|ret_z|=7.0>2.5; volz=6.4>2.5; range_pct=98.4>95
2020-02-03,AAPL,1,,-0.0027462907482508347,-0.5087857153781539,1.159458860167281,96.82539682539682,range_pct=96.8>95
2020-02-03,AMZN,1,,-0.002250198931246672,-0.308364152717219,1.2035321578402165,95.23809523809523,range_pct=95.2>95
2020-02-03,MSFT,1,,0.02437882242038425,2.443543212083606,0.6382654523651414,100.0,range_pct=100.0>95
2020-02-03,NVDA,1,,0.016495393665290292,0.7915627844001628,-0.5529222278912038,65.07936507936508,ML detector flagged
2020-02-04,MSFT,1,spike,0.0329166227225004,3.2397967752280707,1.3488664783205924,100.0,|ret_z|=3.2>2.5; range_pct=100.0>95
2020-02-04,NVDA,1,,0.028294402361447757,1.4381781401650617,-0.2791384145934873,25.396825396825395,ML detector flagged
2020-02-05,AAPL,1,,0.00815439275264862,0.3436327004538489,-0.7005919839926587,71.42857142857143,ML detector flagged
2020-02-05,MSFT,1,,-0.0012214379822276245,-0.4961339192874262,1.5072214621289817,100.0,range_pct=100.0>95
2020-02-05,NVDA,1,,0.014688596418066746,0.6359802818723853,-1.8260936413082747,53.96825396825397,ML detector flagged
2020-02-06,AAPL,1,,0.011696905361315624,0.6107478270020835,-1.2627601921556038,58.730158730158735,ML detector flagged
2020-02-06,AMZN,1,,0.005078747849794896,0.21604014419365758,-0.3864972013385117,71.42857142857143,ML detector flagged
2020-02-06,NVDA,1,,0.013917756734161069,0.6332497936096596,-1.4074269367502104,60.317460317460316,ML detector flagged
2020-02-07,AAPL,1,,-0.01359266313932983,-1.3248032191140038,-0.7334534578794533,65.07936507936508,ML detector flagged
2020-02-07,AMZN,1,,0.01416916594960882,0.8552154920563239,0.736636161788602,98.4126984126984,range_pct=98.4>95
2020-02-07,NVDA,1,,-0.010462170158980766,-0.7885184372057521,-1.9565634346792766,12.698412698412698,ML detector flagged
2020-02-10,AAPL,1,,0.0047495204183034545,0.082596299212048,-1.036727954829651,92.06349206349206,ML detector flagged
2020-02-10,MSFT,1,,0.02615689962914125,2.1941456632663874,0.9400728521465764,98.4126984126984,range_pct=98.4>95
2020-02-10,NVDA,1,volume_shock,0.045232330963313805,2.4182563830472446,2.9176134975544525,92.06349206349206,volz=2.9>2.5
2020-02-11,AAPL,1,,-0.006033284139495332,-0.7186408045380432,-1.6229882553876154,60.317460317460316,ML detector flagged
2020-02-11,MSFT,1,crash,-0.022575445612921574,-2.572829303896537,2.4193835956817233,100.0,|ret_z|=2.6>2.5; range_pct=100.0>95
2020-02-11,NVDA,1,volume_shock,0.018709452672770688,0.8165746627342861,3.0553171437588094,79.36507936507937,volz=3.1>2.5
2020-02-12,AAPL,1,,0.023747777614394394,1.5215495724753245,-0.6366819006446781,65.07936507936508,ML detector flagged
2020-02-12,MSFT,1,,0.0014638474233970022,-0.21610138745020474,1.623343020850103,90.47619047619048,ML detector flagged
2020-02-12,NVDA,1,,0.017357855769076336,0.7204867013278689,0.738110412853235,28.57142857142857,ML detector flagged
2020-02-13,AAPL,1,,-0.007121078859769314,-0.7916547612483439,-1.4069159979536172,7.936507936507936,ML detector flagged
2020-02-13,AMZN,1,,-0.004689760561342626,-0.5535715730389079,-0.6566146929438476,50.79365079365079,ML detector flagged
2020-02-13,NVDA,1,,-0.006457856152649155,-0.5962917806466472,1.7862032889665007,33.33333333333333,ML detector flagged
2020-02-14,AAPL,1,,0.0002463049559713326,-0.24195881413944992,-1.9768748109285204,12.698412698412698,ML detector flagged
2020-02-14,AMZN,1,,-0.006977165680884578,-0.7022005464527641,-0.9842192295745239,66.66666666666666,ML detector flagged
2020-02-14,MSFT,1,,0.00892709012808024,0.4787173624948874,-1.1959390640599366,63.49206349206349,ML detector flagged
2020-02-14,NVDA,1,spike + volume_shock,0.07020467171838196,3.5922044910996553,3.623783156947979,80.95238095238095,|ret_z|=3.6>2.5; volz=3.6>2.5
2020-02-18,AAPL,1,,-0.018310546187148335,-1.5911990935398292,0.7590478534181269,57.14285714285714,ML detector flagged
2020-02-18,AMZN,1,,0.0097428899866292,0.4564445046419546,-0.6854750039812394,82.53968253968253,ML detector flagged
2020-02-18,NVDA,1,,0.02339622617651571,0.8927044420223856,1.4985443115031694,95.23809523809523,range_pct=95.2>95
2020-02-19,AAPL,1,,0.014482743314067292,0.8124248772621042,-1.1753638282792065,44.44444444444444,ML detector flagged
2020-02-19,AMZN,1,,0.006749664538376665,0.23644887486243035,-1.0228445493143603,31.746031746031743,ML detector flagged
2020-02-19,NVDA,1,spike,0.061132306109523915,2.7379693099143045,1.5973466640344751,95.23809523809523,|ret_z|=2.7>2.5; range_pct=95.2>95
2020-02-20,AAPL,1,,-0.010258968463974338,-0.9736425544819164,-0.8198296920067061,84.12698412698413,ML detector flagged
2020-02-20,AMZN,1,,-0.007888542764320938,-0.8094051584823564,-0.5024563139327545,84.12698412698413,ML detector flagged
2020-02-20,MSFT,1,,-0.015271254960450786,-1.7227313687944164,0.5306660770733431,98.4126984126984,range_pct=98.4>95
2020-02-20,NVDA,1,,-0.01906582678742308,-1.2479007336938974,1.7512490150596491,100.0,range_pct=100.0>95
2020-02-21,AAPL,1,,-0.02263503052234317,-1.8337550175389024,0.14557100632278153,96.82539682539682,range_pct=96.8>95
2020-02-21,AMZN,1,,-0.02653389269514861,-2.094679801868811,0.39391814867388064,96.82539682539682,range_pct=96.8>95
2020-02-21,MSFT,1,crash,-0.03161263360231614,-3.1096435911158284,1.550570158843033,98.4126984126984,|ret_z|=3.1>2.5; range_pct=98.4>95
2020-02-21,NVDA,1,crash,-0.04739226277235076,-2.573798878885736,1.4482467832027734,98.4126984126984,|ret_z|=2.6>2.5; range_pct=98.4>95
2020-02-24,AAPL,1,crash,-0.047500385551912494,-3.5010448701994887,2.133847596611017,100.0,|ret_z|=3.5>2.5; range_pct=100.0>95
2020-02-24,AMZN,1,crash,-0.041355521716538224,-3.001307290728057,1.117546999760904,93.65079365079364,|ret_z|=3.0>2.5
2020-02-24,MSFT,1,crash + volume_shock,-0.04311549978238349,-3.805755571714563,2.685597199175693,100.0,|ret_z|=3.8>2.5; volz=2.7>2.5; range_pct=100.0>95
2020-02-24,NVDA,1,crash,-0.07069750286750431,-3.533226535930402,1.521527367951277,98.4126984126984,|ret_z|=3.5>2.5; range_pct=98.4>95
2020-02-25,AAPL,1,,-0.033872179058296537,-2.3117099722573777,1.9665736147555029,100.0,range_pct=100.0>95
2020-02-25,AMZN,1,,-0.018190529051335225,-1.3037288585093694,0.9018440855168369,100.0,range_pct=100.0>95
2020-02-25,MSFT,1,,-0.016501796919080047,-1.3989175782467953,2.330183856987121,98.4126984126984,range_pct=98.4>95
2020-02-25,NVDA,1,,-0.04109342145459505,-1.923491131590052,1.7708168631515961,100.0,range_pct=100.0>95
2020-02-26,AAPL,1,,0.015863675150069367,0.8754566934719287,1.256547701677277,95.23809523809523,range_pct=95.2>95
2020-02-26,AMZN,1,,0.0034723154697764436,0.08196427609370897,0.45315762119719705,95.23809523809523,range_pct=95.2>95
2020-02-26,NVDA,1,,0.021369955979692268,0.7224800232937145,0.9408601959509244,95.23809523809523,range_pct=95.2>95
2020-02-27,AAPL,1,crash + volume_shock,-0.06536820530254006,-4.128859891341067,2.681427847134762,96.82539682539682,|ret_z|=4.1>2.5; volz=2.7>2.5; range_pct=96.8>95
2020-02-27,AMZN,1,crash,-0.04813618912879303,-3.155135776882245,1.3824846005644398,100.0,|ret_z|=3.2>2.5; range_pct=100.0>95
2020-02-27,MSFT,1,crash + volume_shock,-0.0704589858504926,-5.316045882722847,2.865145531276675,98.4126984126984,|ret_z|=5.3>2.5; volz=2.9>2.5; range_pct=98.4>95
2020-02-27,NVDA,1,,-0.055665575066240036,-2.4486435009855585,1.224295336053874,98.4126984126984,range_pct=98.4>95
2020-02-28,AAPL,1,volume_shock,-0.0005849797767482068,-0.06626509946884764,3.0033092400901884,100.0,volz=3.0>2.5; range_pct=100.0>95
2020-02-28,AMZN,1,,-0.00029191148642548903,-0.08174325805050935,1.577149188509479,98.4126984126984,range_pct=98.4>95
2020-02-28,MSFT,1,,0.024212934684508358,1.4222195176029595,2.4802916018027332,100.0,range_pct=100.0>95
2020-02-28,NVDA,1,spike,0.06916073158582559,2.6840746839446163,1.5004084815216934,100.0,|ret_z|=2.7>2.5; range_pct=100.0>95
2020-03-02,AAPL,1,spike,0.0931007227495293,5.068934825944842,1.9776210869550874,98.4126984126984,|ret_z|=5.1>2.5; range_pct=98.4>95
2020-03-02,AMZN,1,,0.03726606565195745,2.143753632796841,0.7088975912608855,98.4126984126984,range_pct=98.4>95
2020-03-02,MSFT,1,spike,0.06653909724589258,3.9244613446766743,1.278654929648551,96.82539682539682,|ret_z|=3.9>2.5; range_pct=96.8>95
2020-03-03,AAPL,1,,-0.03175927951511748,-1.5650901661696237,1.5820622899998231,96.82539682539682,range_pct=96.8>95
2020-03-03,AMZN,1,,-0.023009781243647165,-1.3866027669836356,0.9346972837866239,100.0,range_pct=100.0>95
2020-03-03,MSFT,1,crash,-0.047919434579672404,-2.6990270207986895,1.2214189224442358,100.0,|ret_z|=2.7>2.5; range_pct=100.0>95
2020-03-03,NVDA,1,,-0.03812892344032237,-1.6119788446496848,0.3198020132816703,95.23809523809523,range_pct=95.2>95
2020-03-09,AAPL,1,crash,-0.07909208541712087,-3.5232825397033833,1.1136823002912815,93.65079365079364,|ret_z|=3.5>2.5
2020-03-09,AMZN,1,crash,-0.05285387976123124,-2.924170607134941,1.311120493365089,98.4126984126984,|ret_z|=2.9>2.5; range_pct=98.4>95
2020-03-09,MSFT,1,crash,-0.06777255499566892,-3.3518094657635777,0.9188479825990026,92.06349206349206,|ret_z|=3.4>2.5
2020-03-09,NVDA,1,crash,-0.07743198557309183,-2.8819887003943268,-0.03836795854350031,98.4126984126984,|ret_z|=2.9>2.5; range_pct=98.4>95
2020-03-10,AAPL,1,spike,0.07202157246522778,2.856635036913321,1.001790652650434,95.23809523809523,|ret_z|=2.9>2.5; range_pct=95.2>95
2020-03-10,AMZN,1,spike,0.05065503450470521,2.533271414567769,0.9542076065661512,92.06349206349206,|ret_z|=2.5>2.5
2020-03-10,MSFT,1,spike,0.06838403522549608,3.033957672945384,0.6509662186006523,92.06349206349206,|ret_z|=3.0>2.5
2020-03-11,NVDA,1,,-0.055959805818047714,-1.9245448952780895,-1.1630374951885885,85.71428571428571,ML detector flagged
2020-03-12,AAPL,1,crash,-0.09875466605505212,-3.707961879751995,1.6000278827499435,100.0,|ret_z|=3.7>2.5; range_pct=100.0>95
2020-03-12,AMZN,1,crash,-0.07922080838749879,-3.7681551082690947,2.0419331796535847,96.82539682539682,|ret_z|=3.8>2.5; range_pct=96.8>95
2020-03-12,MSFT,1,crash,-0.09483829239823705,-3.8683544291452434,1.4603066231871857,100.0,|ret_z|=3.9>2.5; range_pct=100.0>95
2020-03-12,NVDA,1,crash,-0.12236784806562495,-3.921808231002763,0.5901043248040694,98.4126984126984,|ret_z|=3.9>2.5; range_pct=98.4>95
2020-03-13,AAPL,1,spike,0.11980826654731591,4.0666800088317,1.2104956018198467,100.0,|ret_z|=4.1>2.5; range_pct=100.0>95
2020-03-13,AMZN,1,spike,0.06464831749508493,2.7624650393989754,1.2134351150866944,100.0,|ret_z|=2.8>2.5; range_pct=100.0>95
2020-03-13,MSFT,1,spike,0.14216888119914373,5.213766910506368,1.3120933874495517,100.0,|ret_z|=5.2>2.5; range_pct=100.0>95
2020-03-13,NVDA,1,spike,0.11340205749229071,3.161313351237582,-0.3374820963769531,96.82539682539682,|ret_z|=3.2>2.5; range_pct=96.8>95
2020-03-16,AAPL,1,crash,-0.12864695596573805,-3.8928989660130267,0.8277338571242198,93.65079365079364,|ret_z|=3.9>2.5
2020-03-16,AMZN,1,,-0.05369746531425068,-2.1827085486405737,1.1292897148626535,100.0,range_pct=100.0>95
2020-03-16,MSFT,1,crash,-0.1473903128642552,-4.528841168702871,1.06259135488999,96.82539682539682,|ret_z|=4.5>2.5; range_pct=96.8>95
2020-03-16,NVDA,1,crash,-0.1845208566564599,-4.879807260301773,0.05725933938986358,100.0,|ret_z|=4.9>2.5; range_pct=100.0>95
2020-03-17,AMZN,1,spike,0.07026607446986333,2.7361939161834847,1.5028106729665986,100.0,|ret_z|=2.7>2.5; range_pct=100.0>95
2020-03-17,MSFT,1,,0.08233650351525679,2.2116273648953046,0.7723207461917501,95.23809523809523,range_pct=95.2>95
2020-03-17,NVDA,1,,0.10626278525739852,2.3966570148385298,0.5706650734349935,98.4126984126984,range_pct=98.4>95
2020-03-18,NVDA,1,,-0.06650709561418144,-1.435530328067851,0.8589475203281604,98.4126984126984,range_pct=98.4>95
2020-03-19,AMZN,1,,0.02783063044313505,0.985490272869512,1.2203009194205179,96.82539682539682,range_pct=96.8>95
2020-03-20,AAPL,1,,-0.06348555177559356,-1.6536198420596875,1.2208199587700037,100.0,range_pct=100.0>95
2020-03-20,AMZN,1,,-0.018522798241161542,-0.7154835951181507,1.0340405525526768,96.82539682539682,range_pct=96.8>95
2020-03-20,NVDA,1,,-0.03390149401004583,-0.7089930147516532,0.397082972154311,95.23809523809523,range_pct=95.2>95
2020-03-23,NVDA,1,,0.0337302670299211,0.7125699872519858,-0.5840586073824102,85.71428571428571,ML detector flagged
2020-03-24,AAPL,1,spike,0.10032540114763622,2.6831344633447247,-0.04076645959312482,80.95238095238095,|ret_z|=2.7>2.5
2020-03-24,AMZN,1,,0.019586626441663313,0.655336233357812,-0.17419022338921825,69.84126984126983,ML detector flagged
2020-03-24,NVDA,1,spike,0.17156420055252752,3.5693159017341034,1.8087348965439978,90.47619047619048,|ret_z|=3.6>2.5
2020-03-25,AMZN,1,,-0.02796763592001872,-1.0614599009812486,-0.5515189813565327,73.01587301587301,ML detector flagged
2020-03-26,AAPL,1,,0.052622995862315225,1.3357356369377746,-0.7358841403294255,73.01587301587301,ML detector flagged
2020-03-26,AMZN,1,,0.03693315746639492,1.2678191761416466,-0.7114580323702813,73.01587301587301,ML detector flagged
2020-03-26,MSFT,1,,0.06255106558630996,1.5111631044732263,-0.697033612323715,76.19047619047619,ML detector flagged
2020-03-26,NVDA,1,,0.0473088321316979,0.8604145389218203,-0.1932199627377785,63.49206349206349,ML detector flagged
2020-03-27,AAPL,1,,-0.04140224751262367,-0.9927739358004719,-1.8479419782954225,65.07936507936508,ML detector flagged
2020-03-27,AMZN,1,,-0.02832538899460124,-1.0558073976820905,-1.3193151228714923,42.857142857142854,ML detector flagged
2020-03-27,MSFT,1,,-0.04106081376624071,-0.9903212992466982,-1.378615667760269,65.07936507936508,ML detector flagged
2020-03-27,NVDA,1,,-0.017532244899896132,-0.3789609526706014,-0.5516239795854938,69.84126984126983,ML detector flagged
2020-03-30,AAPL,1,,0.028537950709073945,0.7302046255385073,-2.487963168955952,52.38095238095239,ML detector flagged
2020-03-30,AMZN,1,,0.03360348213585351,1.1657897995215227,-0.7247971558132699,71.42857142857143,ML detector flagged
2020-03-30,MSFT,1,,0.0703406746423485,1.6514008825280062,-0.7211238090913173,82.53968253968253,ML detector flagged
2020-03-30,NVDA,1,,0.05088434624996241,0.9132351804388772,-0.7496169137208959,60.317460317460316,ML detector flagged
2020-03-31,AAPL,1,,-0.002040753021636532,-0.021400617243520315,-1.4893622285441963,68.25396825396825,ML detector flagged
2020-03-31,AMZN,1,,-0.007245592210870289,-0.29499972216022147,-1.3199382321116189,55.55555555555556,ML detector flagged
2020-03-31,NVDA,1,,-0.0074927153199071395,-0.20074622355964022,1.5710963503973947,76.19047619047619,ML detector flagged
